Logger ID;Year;Month;Day;Hour;Minute;Second;Latitude;Longitude;Speed;Searching time;Voltage;Temperature;Altitude;Div up;Div down;No GPS - timeout;No GPS - diving;In range;Diving duration;Raw latitude;Raw Longitude;Decision voltage
CGM12;2016;8;3;3;48;0;72.947300;-76.072183;0.7;87;3.95;;;;;;;;;7256838N;07604331W;
CGM12;2016;8;3;3;54;0;72.947733;-76.070900;0.3;54;3.95;;;;;;;;;7256864N;07604254W;
CGM12;2016;8;3;3;59;0;72.948250;-76.069833;1.3;7;3.96;;;;;;;;;7256895N;07604190W;
CGM12;2016;8;3;4;4;0;72.949167;-76.068100;0.4;11;3.96;;;;;;;;;7256950N;07604086W;
CGM12;2016;8;3;4;9;0;72.949967;-76.067417;7.1;9;3.96;;;;;;;;;7256998N;07604045W;
CGM12;2016;8;3;4;15;0;72.968117;-76.109883;32.;32;3.96;;;;;;;;;7258087N;07606593W;
CGM12;2016;8;3;4;20;0;72.942800;-76.094500;0.4;5;3.97;;;;;;;;;7256568N;07605670W;
CGM12;2016;8;3;4;25;0;72.942867;-76.094317;0.7;9;3.97;;;;;;;;;7256572N;07605659W;
CGM12;2016;8;3;4;30;0;72.942783;-76.094067;0.2;5;3.97;;;;;;;;;7256567N;07605644W;
CGM12;2016;8;3;4;35;0;72.942883;-76.094517;0.9;8;3.97;;;;;;;;;7256573N;07605671W;
CGM12;2016;8;3;4;40;0;72.942933;-76.094017;3.7;10;3.97;;;;;;;;;7256576N;07605641W;
CGM12;2016;8;3;4;45;0;72.943017;-76.093850;36.;8;3.97;;;;;;;;;7256581N;07605631W;
CGM12;2016;8;3;4;50;0;72.942533;-76.094200;0.6;4;3.97;;;;;;;;;7256552N;07605652W;
CGM12;2016;8;3;4;56;0;72.942800;-76.094583;0.1;38;3.97;;;;;;;;;7256568N;07605675W;
CGM12;2016;8;3;5;1;0;72.942400;-76.094567;5.8;8;3.97;;;;;;;;;7256544N;07605674W;
CGM12;2016;8;3;5;6;0;72.943250;-76.094050;0.9;4;3.97;;;;;;;;;7256595N;07605643W;
CGM12;2016;8;3;5;11;17;;;;;;;;;;;;1;;;;3.98
CGM12;2016;8;3;5;16;0;72.944933;-76.079233;1.1;4;3.97;;;;;;;;;7256696N;07604754W;
CGM12;2016;8;3;5;21;0;72.945600;-76.076517;1.0;4;3.96;;;;;;;;;7256736N;07604591W;
CGM12;2016;8;3;5;26;0;72.946117;-76.073533;4.0;4;3.96;;;;;;;;;7256767N;07604412W;
CGM12;2016;8;3;5;31;0;72.946917;-76.069867;1.6;5;3.96;;;;;;;;;7256815N;07604192W;
CGM12;2016;8;3;5;36;0;72.947750;-76.067300;1.7;4;3.96;;;;;;;;;7256865N;07604038W;
CGM12;2016;8;3;5;41;0;72.960967;-76.063217;36.;4;3.96;;;;;;;;;7257658N;07603793W;
CGM12;2016;8;3;5;46;0;72.958117;-76.068333;1.0;4;3.97;;;;;;;;;7257487N;07604100W;
CGM12;2016;8;3;5;51;0;72.965400;-76.096517;43.;4;3.97;;;;;;;;;7257924N;07605791W;
CGM12;2016;8;3;5;57;4;;;;;;;;;;;;1;;;;3.98
CGM12;2016;8;3;6;2;0;;;;;;;;;;;;1;;;;3.99
CGM12;2016;8;3;6;6;56;;;;;;;;;;;;1;;;;3.99
CGM12;2016;8;3;6;11;52;;;;;;;;;;;;1;;;;3.98
CGM12;2016;8;3;6;16;48;;;;;;;;;;;;1;;;;3.99
CGM12;2016;8;3;6;21;44;;;;;;;;;;;;1;;;;3.99
CGM12;2016;8;3;6;26;40;;;;;;;;;;;;1;;;;3.98
CGM12;2016;8;3;6;31;36;;;;;;;;;;;;1;;;;3.99
CGM12;2016;8;3;6;36;32;;;;;;;;;;;;1;;;;3.99
CGM12;2016;8;3;6;41;28;;;;;;;;;;;;1;;;;3.99
CGM12;2016;8;3;6;46;24;;;;;;;;;;;;1;;;;3.99
CGM12;2016;8;3;6;51;20;;;;;;;;;;;;1;;;;3.99
CGM12;2016;8;3;6;56;16;;;;;;;;;;;;1;;;;3.99
CGM12;2016;8;3;7;1;12;;;;;;;;;;;;1;;;;3.99
CGM12;2016;8;3;7;11;6;;;;;;;;;;;;1;;;;3.99
CGM12;2016;8;3;7;16;2;;;;;;;;;;;;1;;;;3.99
CGM12;2016;8;3;7;20;58;;;;;;;;;;;;1;;;;3.99
CGM12;2016;8;3;7;25;54;;;;;;;;;;;;1;;;;3.99
CGM12;2016;8;3;7;30;50;;;;;;;;;;;;1;;;;3.99
CGM12;2016;8;3;7;35;46;;;;;;;;;;;;1;;;;3.99
CGM12;2016;8;3;7;40;42;;;;;;;;;;;;1;;;;3.99
CGM12;2016;8;3;7;45;38;;;;;;;;;;;;1;;;;3.99
CGM12;2016;8;3;7;50;34;;;;;;;;;;;;1;;;;3.99
CGM12;2016;8;3;7;55;30;;;;;;;;;;;;1;;;;3.99
CGM12;2016;8;3;8;0;26;;;;;;;;;;;;1;;;;3.99
CGM12;2016;8;3;8;5;22;;;;;;;;;;;;1;;;;3.99
CGM12;2016;8;3;8;10;18;;;;;;;;;;;;1;;;;3.99
CGM12;2016;8;3;8;40;4;;;;;;;;;;;;1;;;;3.99
CGM12;2016;8;3;8;50;0;;;;;;;;;;;;1;;;;3.99
CGM12;2016;8;3;8;59;54;;;;;;;;;;;;1;;;;3.99
CGM12;2016;8;3;9;4;52;;;;;;;;;;;;1;;;;3.99
CGM12;2016;8;3;9;9;48;;;;;;;;;;;;1;;;;3.99
CGM12;2016;8;3;9;19;43;;;;;;;;;;;;1;;;;3.99
CGM12;2016;8;3;9;24;40;;;;;;;;;;;;1;;;;3.99
CGM12;2016;8;3;9;29;36;;;;;;;;;;;;1;;;;3.99
CGM12;2016;8;3;9;39;30;;;;;;;;;;;;1;;;;3.99
CGM12;2016;8;3;9;44;28;;;;;;;;;;;;1;;;;3.99
CGM12;2016;8;3;9;49;24;;;;;;;;;;;;1;;;;3.99
CGM12;2016;8;3;9;59;18;;;;;;;;;;;;1;;;;3.99
CGM12;2016;8;3;10;4;15;;;;;;;;;;;;1;;;;3.99
CGM12;2016;8;3;10;9;12;;;;;;;;;;;;1;;;;3.99
CGM12;2016;8;3;10;14;9;;;;;;;;;;;;1;;;;3.99
CGM12;2016;8;3;10;24;3;;;;;;;;;;;;1;;;;3.99
CGM12;2016;8;3;10;29;0;;;;;;;;;;;;1;;;;3.99
CGM12;2016;8;3;10;33;56;;;;;;;;;;;;1;;;;3.99
CGM12;2016;8;3;10;48;48;;;;;;;;;;;;1;;;;3.99
CGM12;2016;8;3;10;53;47;;;;;;;;;;;;1;;;;3.99
CGM12;2016;8;3;11;3;42;;;;;;;;;;;;1;;;;3.99
CGM12;2016;8;3;11;18;35;;;;;;;;;;;;1;;;;3.99
CGM12;2016;8;3;11;23;31;;;;;;;;;;;;1;;;;3.99
CGM12;2016;8;3;11;28;27;;;;;;;;;;;;1;;;;3.99
CGM12;2016;8;3;11;33;24;;;;;;;;;;;;1;;;;3.98
CGM12;2016;8;3;12;18;4;;;;;;;;;;;;1;;;;3.99
CGM12;2016;8;3;12;27;59;;;;;;;;;;;;1;;;;3.99
CGM12;2016;8;3;12;57;46;;;;;;;;;;;;1;;;;3.98
CGM12;2016;8;3;13;12;38;;;;;;;;;;;;1;;;;3.99
CGM12;2016;8;3;13;32;29;;;;;;;;;;;;1;;;;3.98
CGM12;2016;8;3;13;37;26;;;;;;;;;;;;1;;;;3.98
CGM12;2016;8;3;13;49;0;72.950417;-76.105950;1.5;61;3.96;;;;;;;;;7257025N;07606357W;
CGM12;2016;8;3;13;54;0;72.950350;-76.109217;1.0;5;3.96;;;;;;;;;7257021N;07606553W;
CGM12;2016;8;3;13;59;0;72.950617;-76.112333;0.5;7;3.96;;;;;;;;;7257037N;07606740W;
CGM12;2016;8;3;14;4;0;72.950850;-76.114383;0.5;12;3.96;;;;;;;;;7257051N;07606863W;
CGM12;2016;8;3;14;9;0;72.951200;-76.117667;0.7;6;3.97;;;;;;;;;7257072N;07607060W;
CGM12;2016;8;3;14;14;0;72.951550;-76.120133;0.5;6;3.97;;;;;;;;;7257093N;07607208W;
CGM12;2016;8;3;14;19;0;72.952250;-76.122783;0.9;6;3.96;;;;;;;;;7257135N;07607367W;
CGM12;2016;8;3;14;24;0;72.953000;-76.124883;0.5;7;3.96;;;;;;;;;7257180N;07607493W;
CGM12;2016;8;3;14;29;0;72.954067;-76.127067;1.4;8;3.96;;;;;;;;;7257244N;07607624W;
CGM12;2016;8;3;14;34;0;72.954467;-76.128900;0.3;5;3.96;;;;;;;;;7257268N;07607734W;
CGM12;2016;8;3;14;39;0;72.955567;-76.132417;0.8;5;3.97;;;;;;;;;7257334N;07607945W;
CGM12;2016;8;3;14;44;0;72.957233;-76.135650;1.4;5;3.97;;;;;;;;;7257434N;07608139W;
CGM12;2016;8;3;14;49;0;72.958817;-76.138683;1.8;6;3.97;;;;;;;;;7257529N;07608321W;
CGM12;2016;8;3;14;54;0;72.967300;-76.082500;32.;5;3.97;;;;;;;;;7258038N;07604950W;
CGM12;2016;8;3;14;59;0;72.971283;-76.061100;0.2;4;3.97;;;;;;;;;7258277N;07603666W;
CGM12;2016;8;3;15;4;0;72.972200;-76.059650;1.3;5;3.97;;;;;;;;;7258332N;07603579W;
CGM12;2016;8;3;15;9;0;72.973850;-76.057317;0.8;4;3.97;;;;;;;;;7258431N;07603439W;
CGM12;2016;8;3;15;14;0;72.975900;-76.057317;1.2;5;3.96;;;;;;;;;7258554N;07603439W;
CGM12;2016;8;3;15;19;0;72.976883;-76.058567;1.1;6;3.96;;;;;;;;;7258613N;07603514W;
CGM12;2016;8;3;15;24;0;72.978067;-76.057250;5.3;4;3.96;;;;;;;;;7258684N;07603435W;
CGM12;2016;8;3;15;29;0;72.988183;-76.003567;35.;6;3.96;;;;;;;;;7259291N;07600214W;
CGM12;2016;8;3;15;34;0;73.025300;-75.887350;37.;5;3.96;;;;;;;;;7301518N;07553241W;
CGM12;2016;8;3;15;39;0;73.037383;-75.846400;0.2;5;3.97;;;;;;;;;7302243N;07550784W;
CGM12;2016;8;3;15;44;0;73.037633;-75.846500;0.9;5;3.97;;;;;;;;;7302258N;07550790W;
CGM12;2016;8;3;15;49;0;73.037967;-75.846550;0.3;5;3.97;;;;;;;;;7302278N;07550793W;
CGM12;2016;8;3;15;54;0;73.038683;-75.846583;0.9;6;3.97;;;;;;;;;7302321N;07550795W;
CGM12;2016;8;3;15;59;0;73.039367;-75.843850;0.1;5;3.96;;;;;;;;;7302362N;07550631W;
CGM12;2016;8;3;16;4;0;73.040083;-75.841500;1.8;4;3.96;;;;;;;;;7302405N;07550490W;
CGM12;2016;8;3;16;10;0;73.040700;-75.839833;0.5;7;3.96;;;;;;;;;7302442N;07550390W;
CGM12;2016;8;3;16;15;0;73.041117;-75.839367;0.4;10;3.95;;;;;;;;;7302467N;07550362W;
CGM12;2016;8;3;16;20;0;73.041717;-75.837967;0.3;6;3.96;;;;;;;;;7302503N;07550278W;
CGM12;2016;8;3;16;25;0;73.041000;-75.837617;0.1;5;3.96;;;;;;;;;7302460N;07550257W;
CGM12;2016;8;3;16;30;0;73.041950;-75.837233;1.6;4;3.97;;;;;;;;;7302517N;07550234W;
CGM12;2016;8;3;16;35;0;73.058500;-75.734000;38.;5;3.96;;;;;;;;;7303510N;07544040W;
CGM12;2016;8;3;16;40;0;73.093000;-75.601667;26.;6;3.96;;;;;;;;;7305580N;07536100W;
CGM12;2016;8;3;16;45;0;73.126000;-75.469900;26.;5;3.96;;;;;;;;;7307560N;07528194W;
CGM12;2016;8;3;16;50;0;73.126150;-75.469883;0.5;6;3.97;;;;;;;;;7307569N;07528193W;
CGM12;2016;8;3;16;55;0;73.126300;-75.471267;0.4;5;3.97;;;;;;;;;7307578N;07528276W;
CGM12;2016;8;3;17;0;0;73.126283;-75.472667;0.9;5;3.97;;;;;;;;;7307577N;07528360W;
CGM12;2016;8;3;17;5;0;73.126533;-75.474033;0.4;6;3.97;;;;;;;;;7307592N;07528442W;
CGM12;2016;8;3;17;10;0;73.126683;-75.474400;0.2;11;3.97;;;;;;;;;7307601N;07528464W;
CGM12;2016;8;3;17;15;0;73.127083;-75.475333;0.5;16;3.97;;;;;;;;;7307625N;07528520W;
CGM12;2016;8;3;17;20;0;73.127767;-75.476267;1.2;11;3.97;;;;;;;;;7307666N;07528576W;
CGM12;2016;8;3;17;25;0;73.128867;-75.478400;1.1;7;3.97;;;;;;;;;7307732N;07528704W;
CGM12;2016;8;3;17;31;0;73.128600;-75.477150;0.2;13;3.97;;;;;;;;;7307716N;07528629W;
CGM12;2016;8;3;17;36;0;73.128517;-75.473567;0.7;25;3.95;;;;;;;;;7307711N;07528414W;
CGM12;2016;8;3;17;41;0;73.129067;-75.471917;0.1;24;3.95;;;;;;;;;7307744N;07528315W;
CGM12;2016;8;3;17;47;0;73.130083;-75.470150;0.4;58;3.95;;;;;;;;;7307805N;07528209W;
CGM12;2016;8;3;17;52;0;73.130500;-75.470217;0.5;5;3.95;;;;;;;;;7307830N;07528213W;
CGM12;2016;8;3;17;57;0;73.130800;-75.470700;1.7;5;3.96;;;;;;;;;7307848N;07528242W;
CGM12;2016;8;3;18;3;0;73.131150;-75.470717;1.4;36;3.95;;;;;;;;;7307869N;07528243W;
CGM12;2016;8;3;18;8;0;73.139333;-75.409850;33.;11;3.95;;;;;;;;;7308360N;07524591W;
CGM12;2016;8;3;18;13;0;73.171617;-75.273333;36.;10;3.96;;;;;;;;;7310297N;07516400W;
CGM12;2016;8;3;18;18;0;73.202800;-75.139167;35.;8;3.96;;;;;;;;;7312168N;07508350W;
CGM12;2016;8;3;18;23;0;73.203833;-75.133517;0.7;17;3.96;;;;;;;;;7312230N;07508011W;
CGM12;2016;8;3;18;39;0;73.205367;-75.122333;2.1;8;3.94;;;;;;;;;7312322N;07507340W;
CGM12;2016;8;3;18;54;0;73.206567;-75.108850;0.6;10;3.94;;;;;;;;;7312394N;07506531W;
CGM12;2016;8;3;19;4;0;73.207733;-75.101867;1.1;8;3.95;;;;;;;;;7312464N;07506112W;
CGM12;2016;8;3;19;15;0;73.208817;-75.100217;0.0;23;3.94;;;;;;;;;7312529N;07506013W;
CGM12;2016;8;3;19;20;0;73.208617;-75.099900;1.4;7;3.96;;;;;;;;;7312517N;07505994W;
CGM12;2016;8;3;19;25;0;73.209483;-75.098150;1.1;9;3.96;;;;;;;;;7312569N;07505889W;
CGM12;2016;8;3;19;30;0;73.243067;-75.001067;38.;10;3.96;;;;;;;;;7314584N;07500064W;
CGM12;2016;8;3;19;35;0;73.285883;-74.909900;28.;10;3.96;;;;;;;;;7317153N;07454594W;
CGM12;2016;8;3;19;50;0;73.298600;-74.860433;1.1;9;3.95;;;;;;;;;7317916N;07451626W;
CGM12;2016;8;3;19;55;0;73.299000;-74.854100;1.6;9;3.95;;;;;;;;;7317940N;07451246W;
CGM12;2016;8;3;20;6;0;73.300033;-74.840150;1.4;9;3.94;;;;;;;;;7318002N;07450409W;
CGM12;2016;8;3;20;11;0;73.300733;-74.833083;1.5;10;3.95;;;;;;;;;7318044N;07449985W;
CGM12;2016;8;3;20;21;0;73.301617;-74.820917;1.0;15;3.95;;;;;;;;;7318097N;07449255W;
CGM12;2016;8;3;20;26;0;73.301517;-74.816900;1.3;15;3.95;;;;;;;;;7318091N;07449014W;
CGM12;2016;8;3;20;32;0;73.300850;-74.814067;0.2;23;3.95;;;;;;;;;7318051N;07448844W;
CGM12;2016;8;3;20;37;0;73.301100;-74.809667;1.0;21;3.95;;;;;;;;;7318066N;07448580W;
CGM12;2016;8;3;20;42;0;73.301417;-74.805817;1.6;15;3.95;;;;;;;;;7318085N;07448349W;
CGM12;2016;8;3;20;47;0;73.301500;-74.801550;0.8;19;3.95;;;;;;;;;7318090N;07448093W;
CGM12;2016;8;3;20;53;0;73.300950;-74.798783;0.6;42;3.95;;;;;;;;;7318057N;07447927W;
CGM12;2016;8;3;20;58;0;73.300783;-74.795067;0.4;13;3.95;;;;;;;;;7318047N;07447704W;
CGM12;2016;8;3;21;3;0;73.300767;-74.791600;1.5;12;3.95;;;;;;;;;7318046N;07447496W;
CGM12;2016;8;3;21;9;0;73.300417;-74.787533;0.9;26;3.95;;;;;;;;;7318025N;07447252W;
CGM12;2016;8;3;21;14;0;73.300433;-74.782883;3.7;4;3.95;;;;;;;;;7318026N;07446973W;
CGM12;2016;8;3;21;19;0;73.300683;-74.778650;1.8;4;3.95;;;;;;;;;7318041N;07446719W;
CGM12;2016;8;3;21;24;0;73.301033;-74.773933;0.8;4;3.95;;;;;;;;;7318062N;07446436W;
CGM12;2016;8;3;21;39;0;73.303283;-74.754733;1.7;9;3.93;;;;;;;;;7318197N;07445284W;
CGM12;2016;8;3;21;44;0;73.304017;-74.749283;1.0;3;3.93;;;;;;;;;7318241N;07444957W;
CGM12;2016;8;3;21;49;0;73.304050;-74.747700;1.0;3;3.94;;;;;;;;;7318243N;07444862W;
CGM12;2016;8;3;21;54;0;73.303817;-74.744000;1.3;11;3.94;;;;;;;;;7318229N;07444640W;
CGM12;2016;8;3;21;59;0;73.303650;-74.740067;0.9;4;3.94;;;;;;;;;7318219N;07444404W;
CGM12;2016;8;3;22;4;0;73.303117;-74.736417;1.6;3;3.95;;;;;;;;;7318187N;07444185W;
CGM12;2016;8;3;22;9;0;73.302850;-74.733150;1.4;4;3.95;;;;;;;;;7318171N;07443989W;
CGM12;2016;8;3;22;14;0;73.302000;-74.729950;0.8;5;3.95;;;;;;;;;7318120N;07443797W;
CGM12;2016;8;3;22;19;0;73.301700;-74.726967;1.1;8;3.95;;;;;;;;;7318102N;07443618W;
CGM12;2016;8;3;22;24;0;73.301200;-74.724033;0.6;14;3.95;;;;;;;;;7318072N;07443442W;
CGM12;2016;8;3;22;29;0;73.301033;-74.721500;0.3;13;3.95;;;;;;;;;7318062N;07443290W;
CGM12;2016;8;3;22;35;0;73.300483;-74.719117;0.6;10;3.95;;;;;;;;;7318029N;07443147W;
CGM12;2016;8;3;22;40;0;73.300550;-74.715917;0.5;8;3.95;;;;;;;;;7318033N;07442955W;
CGM12;2016;8;3;22;45;0;73.300283;-74.713400;0.9;8;3.95;;;;;;;;;7318017N;07442804W;
CGM12;2016;8;3;22;50;0;73.299967;-74.710883;0.9;9;3.95;;;;;;;;;7317998N;07442653W;
CGM12;2016;8;3;22;55;0;73.299667;-74.708417;1.8;6;3.95;;;;;;;;;7317980N;07442505W;
CGM12;2016;8;3;23;0;0;73.299283;-74.705900;0.4;9;3.95;;;;;;;;;7317957N;07442354W;
CGM12;2016;8;3;23;5;0;73.298917;-74.703633;0.8;12;3.95;;;;;;;;;7317935N;07442218W;
CGM12;2016;8;3;23;10;0;73.298500;-74.700783;1.5;6;3.95;;;;;;;;;7317910N;07442047W;
CGM12;2016;8;3;23;16;0;73.298117;-74.698633;0.6;27;3.95;;;;;;;;;7317887N;07441918W;
CGM12;2016;8;3;23;21;0;73.297850;-74.696350;0.2;4;3.95;;;;;;;;;7317871N;07441781W;
CGM12;2016;8;3;23;26;0;73.297367;-74.694283;1.1;5;3.95;;;;;;;;;7317842N;07441657W;
CGM12;2016;8;3;23;31;0;73.297017;-74.692300;1.2;5;3.95;;;;;;;;;7317821N;07441538W;
CGM12;2016;8;3;23;36;0;73.296617;-74.689917;0.7;4;3.95;;;;;;;;;7317797N;07441395W;
CGM12;2016;8;3;23;41;0;73.296100;-74.687933;1.0;4;3.95;;;;;;;;;7317766N;07441276W;
CGM12;2016;8;3;23;46;0;73.295567;-74.685867;0.3;4;3.95;;;;;;;;;7317734N;07441152W;
CGM12;2016;8;3;23;51;0;73.295050;-74.683483;0.7;4;3.95;;;;;;;;;7317703N;07441009W;
CGM12;2016;8;3;23;56;0;73.294600;-74.681300;0.6;4;3.95;;;;;;;;;7317676N;07440878W;
CGM12;2016;8;4;0;1;0;73.294133;-74.679067;0.6;4;3.95;;;;;;;;;7317648N;07440744W;
CGM12;2016;8;4;0;6;0;73.293500;-74.675550;0.5;4;3.94;;;;;;;;;7317610N;07440533W;
CGM12;2016;8;4;0;11;0;73.293083;-74.672517;2.3;5;3.94;;;;;;;;;7317585N;07440351W;
CGM12;2016;8;4;0;16;0;73.292633;-74.669867;0.1;5;3.95;;;;;;;;;7317558N;07440192W;
CGM12;2016;8;4;0;21;0;73.292200;-74.668067;1.0;4;3.95;;;;;;;;;7317532N;07440084W;
CGM12;2016;8;4;0;26;0;73.291800;-74.665983;0.6;4;3.95;;;;;;;;;7317508N;07439959W;
CGM12;2016;8;4;0;31;0;73.291250;-74.664883;0.8;4;3.95;;;;;;;;;7317475N;07439893W;
CGM12;2016;8;4;0;36;0;73.290733;-74.664017;0.6;4;3.95;;;;;;;;;7317444N;07439841W;
CGM12;2016;8;4;0;41;0;73.289517;-74.663617;0.8;4;3.94;;;;;;;;;7317371N;07439817W;
CGM12;2016;8;4;0;46;0;73.288467;-74.662000;0.5;4;3.94;;;;;;;;;7317308N;07439720W;
CGM12;2016;8;4;0;51;0;73.287967;-74.660900;0.6;5;3.95;;;;;;;;;7317278N;07439654W;
CGM12;2016;8;4;0;56;0;73.287350;-74.659400;0.5;4;3.95;;;;;;;;;7317241N;07439564W;
CGM12;2016;8;4;1;6;0;73.284550;-74.657000;0.8;4;3.94;;;;;;;;;7317073N;07439420W;
CGM12;2016;8;4;1;11;0;73.271783;-74.714733;0.7;4;3.94;;;;;;;;;7316307N;07442884W;
CGM12;2016;8;4;1;16;0;73.271267;-74.714383;1.4;5;3.95;;;;;;;;;7316276N;07442863W;
CGM12;2016;8;4;1;21;0;73.270767;-74.714100;0.7;4;3.95;;;;;;;;;7316246N;07442846W;
CGM12;2016;8;4;1;26;0;73.269983;-74.715700;1.1;5;3.94;;;;;;;;;7316199N;07442942W;
CGM12;2016;8;4;1;31;0;73.269467;-74.717267;0.5;5;3.94;;;;;;;;;7316168N;07443036W;
CGM12;2016;8;4;1;36;0;73.254367;-74.819317;33.;5;3.94;;;;;;;;;7315262N;07449159W;
CGM12;2016;8;4;1;41;0;73.238233;-74.939533;0.5;5;3.94;;;;;;;;;7314294N;07456372W;
CGM12;2016;8;4;1;46;0;73.237800;-74.941983;1.4;5;3.94;;;;;;;;;7314268N;07456519W;
CGM12;2016;8;4;1;51;0;73.237550;-74.943717;0.5;5;3.95;;;;;;;;;7314253N;07456623W;
CGM12;2016;8;4;1;56;0;73.237200;-74.945917;0.7;5;3.95;;;;;;;;;7314232N;07456755W;
CGM12;2016;8;4;2;1;0;73.236883;-74.948067;0.6;5;3.95;;;;;;;;;7314213N;07456884W;
CGM12;2016;8;4;2;6;0;73.236317;-74.951933;1.3;6;3.95;;;;;;;;;7314179N;07457116W;
CGM12;2016;8;4;2;11;0;73.235050;-74.956050;1.2;5;3.94;;;;;;;;;7314103N;07457363W;
CGM12;2016;8;4;2;16;0;73.233667;-74.959833;0.4;5;3.94;;;;;;;;;7314020N;07457590W;
CGM12;2016;8;4;2;21;0;73.232817;-74.962817;3.3;7;3.94;;;;;;;;;7313969N;07457769W;
CGM12;2016;8;4;2;26;0;73.232450;-74.967217;2.0;7;3.94;;;;;;;;;7313947N;07458033W;
CGM12;2016;8;4;2;31;0;73.227567;-74.966300;27.;5;3.94;;;;;;;;;7313654N;07457978W;
CGM12;2016;8;4;2;36;0;73.210817;-75.106650;35.;5;3.94;;;;;;;;;7312649N;07506399W;
CGM12;2016;8;4;2;41;0;73.195167;-75.221383;1.2;5;3.94;;;;;;;;;7311710N;07513283W;
CGM12;2016;8;4;2;46;0;73.195133;-75.224717;0.8;5;3.95;;;;;;;;;7311708N;07513483W;
CGM12;2016;8;4;2;51;0;73.195100;-75.228183;1.2;5;3.95;;;;;;;;;7311706N;07513691W;
CGM12;2016;8;4;2;56;0;73.195150;-75.231600;0.9;5;3.95;;;;;;;;;7311709N;07513896W;
CGM12;2016;8;4;3;1;0;73.195183;-75.234917;0.4;5;3.95;;;;;;;;;7311711N;07514095W;
CGM12;2016;8;4;3;7;0;73.195200;-75.238150;2.2;5;3.94;;;;;;;;;7311712N;07514289W;
CGM12;2016;8;4;3;12;0;73.195233;-75.241117;0.5;5;3.95;;;;;;;;;7311714N;07514467W;
CGM12;2016;8;4;3;17;0;73.194983;-75.245400;2.6;5;3.94;;;;;;;;;7311699N;07514724W;
CGM12;2016;8;4;3;22;0;73.193983;-75.250800;1.1;5;3.94;;;;;;;;;7311639N;07515048W;
CGM12;2016;8;4;3;27;0;73.192733;-75.255050;0.5;5;3.94;;;;;;;;;7311564N;07515303W;
CGM12;2016;8;4;3;32;0;73.170100;-75.362767;32.;5;3.94;;;;;;;;;7310206N;07521766W;
CGM12;2016;8;4;3;37;0;73.169033;-75.368700;0.7;5;3.94;;;;;;;;;7310142N;07522122W;
CGM12;2016;8;4;3;42;0;73.169033;-75.370867;1.0;5;3.95;;;;;;;;;7310142N;07522252W;
CGM12;2016;8;4;3;47;0;73.169050;-75.373333;1.2;5;3.95;;;;;;;;;7310143N;07522400W;
CGM12;2016;8;4;3;52;0;73.169050;-75.376100;1.2;5;3.94;;;;;;;;;7310143N;07522566W;
CGM12;2016;8;4;3;57;0;73.169050;-75.378833;0.9;5;3.95;;;;;;;;;7310143N;07522730W;
CGM12;2016;8;4;4;2;0;73.168783;-75.382717;0.7;6;3.95;;;;;;;;;7310127N;07522963W;
CGM12;2016;8;4;4;7;0;73.168750;-75.386417;1.0;9;3.94;;;;;;;;;7310125N;07523185W;
CGM12;2016;8;4;4;12;0;73.167750;-75.390467;1.1;11;3.94;;;;;;;;;7310065N;07523428W;
CGM12;2016;8;4;4;17;0;73.167217;-75.394417;1.4;13;3.94;;;;;;;;;7310033N;07523665W;
CGM12;2016;8;4;4;22;0;73.167400;-75.397150;0.5;7;3.94;;;;;;;;;7310044N;07523829W;
CGM12;2016;8;4;4;27;0;73.166900;-75.401250;0.7;7;3.94;;;;;;;;;7310014N;07524075W;
CGM12;2016;8;4;4;32;0;73.145217;-75.511450;31.;7;3.95;;;;;;;;;7308713N;07530687W;
CGM12;2016;8;4;4;37;0;73.118667;-75.621483;33.;7;3.94;;;;;;;;;7307120N;07537289W;
CGM12;2016;8;4;4;42;0;73.090517;-75.720233;30.;6;3.94;;;;;;;;;7305431N;07543214W;
CGM12;2016;8;4;4;48;0;73.094600;-75.850550;34.;15;3.94;;;;;;;;;7305676N;07551033W;
CGM12;2016;8;4;4;53;0;73.071750;-75.940300;30.;7;3.94;;;;;;;;;7304305N;07556418W;
CGM12;2016;8;4;4;58;0;73.029417;-75.975550;34.;8;3.94;;;;;;;;;7301765N;07558533W;
CGM12;2016;8;4;5;3;0;72.986133;-76.038133;34.;15;3.94;;;;;;;;;7259168N;07602288W;
CGM12;2016;8;4;5;14;0;72.947800;-76.051233;0.7;8;3.94;;;;;;;;;7256868N;07603074W;
CGM12;2016;8;4;5;19;0;72.948033;-76.053600;1.4;8;3.94;;;;;;;;;7256882N;07603216W;
CGM12;2016;8;4;5;24;0;72.948367;-76.056150;0.9;8;3.95;;;;;;;;;7256902N;07603369W;
CGM12;2016;8;4;5;29;0;72.948367;-76.060417;1.6;8;3.95;;;;;;;;;7256902N;07603625W;
CGM12;2016;8;4;5;34;0;72.948833;-76.063400;1.6;8;3.94;;;;;;;;;7256930N;07603804W;
CGM12;2016;8;4;5;39;0;72.949417;-76.065733;1.6;8;3.95;;;;;;;;;7256965N;07603944W;
CGM12;2016;8;4;5;44;0;72.949617;-76.069433;1.0;8;3.94;;;;;;;;;7256977N;07604166W;
CGM12;2016;8;4;5;49;0;72.949950;-76.070600;0.8;9;3.94;;;;;;;;;7256997N;07604236W;
CGM12;2016;8;4;5;54;0;72.950183;-76.070583;0.3;8;3.94;;;;;;;;;7257011N;07604235W;
CGM12;2016;8;4;5;59;0;72.950750;-76.070533;0.4;8;3.94;;;;;;;;;7257045N;07604232W;
CGM12;2016;8;4;6;6;0;72.957767;-76.032917;41.;8;3.94;;;;;;;;;7257466N;07601975W;
CGM12;2016;8;4;6;11;0;72.983117;-75.956050;24.;8;3.94;;;;;;;;;7258987N;07557363W;
CGM12;2016;8;4;6;16;0;72.962067;-76.063800;34.;8;3.94;;;;;;;;;7257724N;07603828W;
CGM12;2016;8;4;6;21;44;;;;;;;;;;;;1;;;;3.95
CGM12;2016;8;4;6;21;45;;;;;;;;;;;;1;;;;3.95
CGM12;2016;8;4;6;26;41;;;;;;;;;;;;1;;;;3.95
CGM12;2016;8;4;6;36;36;;;;;;;;;;;;1;;;;3.95
CGM12;2016;8;4;6;41;33;;;;;;;;;;;;1;;;;3.95
CGM12;2016;8;4;6;46;31;;;;;;;;;;;;1;;;;3.95
CGM12;2016;8;4;6;51;27;;;;;;;;;;;;1;;;;3.95
CGM12;2016;8;4;6;56;23;;;;;;;;;;;;1;;;;3.95
CGM12;2016;8;4;7;1;20;;;;;;;;;;;;1;;;;3.95
CGM12;2016;8;4;7;36;4;;;;;;;;;;;;1;;;;3.95
CGM12;2016;8;4;8;0;52;;;;;;;;;;;;1;;;;3.95
CGM12;2016;8;4;8;5;48;;;;;;;;;;;;1;;;;3.95
CGM12;2016;8;4;8;15;42;;;;;;;;;;;;1;;;;3.95
CGM12;2016;8;4;8;35;33;;;;;;;;;;;;1;;;;3.95
CGM12;2016;8;4;8;45;28;;;;;;;;;;;;1;;;;3.95
CGM12;2016;8;4;8;50;24;;;;;;;;;;;;1;;;;3.95
CGM12;2016;8;4;8;55;20;;;;;;;;;;;;1;;;;3.95
CGM12;2016;8;4;9;0;16;;;;;;;;;;;;1;;;;3.95
CGM12;2016;8;4;9;5;14;;;;;;;;;;;;1;;;;3.95
CGM12;2016;8;4;9;15;9;;;;;;;;;;;;1;;;;3.95
CGM12;2016;8;4;9;20;6;;;;;;;;;;;;1;;;;3.95
CGM12;2016;8;4;9;30;0;;;;;;;;;;;;1;;;;3.95
CGM12;2016;8;4;9;34;56;;;;;;;;;;;;1;;;;3.95
CGM12;2016;8;4;9;39;52;;;;;;;;;;;;1;;;;3.95
CGM12;2016;8;4;9;49;47;;;;;;;;;;;;1;;;;3.95
CGM12;2016;8;4;10;4;40;;;;;;;;;;;;1;;;;3.95
CGM12;2016;8;4;10;9;37;;;;;;;;;;;;1;;;;3.95
CGM12;2016;8;4;10;14;33;;;;;;;;;;;;1;;;;3.95
CGM12;2016;8;4;10;19;29;;;;;;;;;;;;1;;;;3.95
CGM12;2016;8;4;10;29;23;;;;;;;;;;;;1;;;;3.95
CGM12;2016;8;4;10;34;19;;;;;;;;;;;;1;;;;3.95
CGM12;2016;8;4;10;39;15;;;;;;;;;;;;1;;;;3.95
CGM12;2016;8;4;10;49;9;;;;;;;;;;;;1;;;;3.95
CGM12;2016;8;4;11;23;54;;;;;;;;;;;;1;;;;3.95
CGM12;2016;8;4;12;3;36;;;;;;;;;;;;1;;;;3.95
CGM12;2016;8;4;12;13;30;;;;;;;;;;;;1;;;;3.95
CGM12;2016;8;4;13;57;48;;;;;;;;;;;;1;;;;3.95
CGM12;2016;8;4;14;7;42;;;;;;;;;;;;1;;;;3.95
CGM11;2016;8;3;21;53;0;73.176117;-75.866950;1.1;7;3.98;;;;;;;;;7310567N;07552017W;
CGM11;2016;8;3;21;58;0;73.151533;-75.904233;36.;8;3.98;;;;;;;;;7309092N;07554254W;
CGM11;2016;8;3;22;3;0;73.108300;-75.973367;35.;7;3.98;;;;;;;;;7306498N;07558402W;
CGM11;2016;8;3;22;8;0;73.065500;-76.032583;37.;7;3.98;;;;;;;;;7303930N;07601955W;
CGM11;2016;8;3;22;13;0;73.014433;-76.077167;38.;7;3.98;;;;;;;;;7300866N;07604630W;
CGM11;2016;8;3;22;18;0;72.961583;-76.067350;38.;6;3.98;;;;;;;;;7257695N;07604041W;
CGM11;2016;8;3;22;23;0;72.945100;-76.070583;0.7;10;3.98;;;;;;;;;7256706N;07604235W;
CGM11;2016;8;3;22;28;0;72.944250;-76.067617;0.8;8;3.98;;;;;;;;;7256655N;07604057W;
